Price,Close,High,Low,Open,Volume
Ticker,BBVA.MC,BBVA.MC,BBVA.MC,BBVA.MC,BBVA.MC
Date,,,,,
2023-01-02,4.766884803771973,4.770182305847438,4.673723687076737,4.691861127855915,7785857
2023-01-03,4.838610649108887,4.863343880612043,4.732258343327378,4.751220553000028,13860514
2023-01-04,5.029054641723633,5.029054641723633,4.863343383515148,4.864167758960761,24333498
2023-01-05,5.073574066162109,5.08511650177701,4.9795885821992885,5.004321811200735,15587600
2023-01-06,5.119742393493652,5.134582330211141,5.074398601053975,5.086765018424556,12498717
2023-01-09,5.174979209899902,5.182398981314912,5.112322357752052,5.1197421291670615,19838535
2023-01-10,5.202186584472656,5.217850898866956,5.142002846600541,5.1527205147060435,12857059
2023-01-11,5.171681880950928,5.22114833953223,5.153544441552012,5.2186748200424935,12180488
2023-01-12,5.211255073547363,5.240934555721348,5.154368842458652,5.189819739096739,13218877
2023-01-13,5.245056629180908,5.286278545613784,5.1832241476529255,5.224445670964471,12723765
2023-01-16,5.274735927581787,5.287927113356895,5.226919009370804,5.251651843876993,7109384
2023-01-17,5.28875207901001,5.3167828113686815,5.266492368221613,5.274736516269994,11518010
2023-01-18,5.311835765838623,5.34728666120841,5.279682765313002,5.279682765313002,15186643
2023-01-19,5.202186584472656,5.287103553788765,5.104078820467334,5.268141344161473,19966032
2023-01-20,5.249178886413574,5.278033991972134,5.206308219228667,5.250827637267969,17583942
2023-01-23,5.3176069259643555,5.365424240287264,5.226919336274757,5.265667734380169,11258761
2023-01-24,5.301942825317383,5.3645996818868,5.235163305384599,5.326675660526962,9183071
2023-01-25,5.1873459815979,5.260720897888218,5.164261897285978,5.240109939843433,17317160
2023-01-26,5.290400981903076,5.315134213001125,5.217850825884418,5.220323952433537,19022920
2023-01-27,5.304415702819824,5.364599430294278,5.279682475648873,5.317606495230125,18637346
2023-01-30,5.308538436889648,5.330798146728578,5.2533013500210926,5.284629583014296,6883831
2023-01-31,5.328324794769287,5.343989108319082,5.255774641647237,5.32585166831891,13753129
2023-02-01,5.578953742980957,5.597915559567628,5.343989419187147,5.358829358116745,32228125
2023-02-02,5.604510307312012,5.738068955954627,5.523715617777754,5.542677825287862,21938757
2023-02-03,5.6943745613098145,5.711687626798333,5.577304587417472,5.592968901846525,16188638
2023-02-06,5.597915172576904,5.645732488185687,5.583075234673209,5.642434593166637,10804666
2023-02-07,5.587197303771973,5.646556660125748,5.55257117636616,5.6160524099434825,11214770
2023-02-08,5.567410469055176,5.62264794568955,5.541028883531159,5.62264794568955,14731657
2023-02-09,5.606159687042236,5.6292437727023215,5.482494324672517,5.604510542979837,11725016
2023-02-10,5.556693077087402,5.620999079502703,5.520418198638776,5.589670846864587,9963665
2023-02-13,5.631716728210449,5.6399612689082,5.56411322422278,5.564937599668287,20099210
2023-02-14,5.667992115020752,5.7355956203843315,5.613579403296436,5.646556780515939,12319330
2023-02-15,5.673762798309326,5.691900236762938,5.615227819640018,5.652327465081729,12556344
2023-02-16,5.779290676116943,5.783412553156023,5.700144740146812,5.700969115554628,18847498
2023-02-17,5.7512593269348145,5.783412325300791,5.710862181694162,5.732297513938146,24243046
2023-02-20,5.748786926269531,5.7900084520874175,5.741367153833863,5.771871012177256,5037248
2023-02-21,5.744664669036865,5.761977733507698,5.640785889090512,5.7364205211027635,8365012
2023-02-22,5.72735071182251,5.729823837880838,5.67046448814672,5.707564130870706,11969996
2023-02-23,5.798252582550049,5.813916894912918,5.738893227903877,5.740541978745865,9957457
2023-02-24,5.794130325317383,5.860909845144912,5.787534928813312,5.801550490365623,16494300
2023-02-27,5.925215721130371,5.95242207692445,5.82381046333875,5.828757109221432,11033035
2023-02-28,6.078561305999756,6.142042544413858,5.877399136674218,5.8955365772037664,35581494
2023-03-01,5.956544399261475,6.1263783254306174,5.935933440090888,6.110714012185825,15329341
2023-03-02,5.9853997230529785,5.987048473939232,5.882345323356788,5.940055535588999,9816692
2023-03-03,6.0826826095581055,6.090927150098064,5.983750481806578,5.998590418905707,8337400
2023-03-06,6.138743877410889,6.145339273340785,6.076086633273644,6.10081985941237,6976496
2023-03-07,6.007658958435059,6.228607284611233,6.007658958435059,6.142041579972527,14557618
2023-03-08,6.035689830780029,6.0620718091138555,5.921917770346144,5.9796279794001554,8373407
2023-03-09,6.017552375793457,6.043109980327551,6.0002393119947515,6.018377144364068,7433930
2023-03-10,5.812268257141113,5.853489780842019,5.721580276004986,5.804023716528132,20608192
2023-03-13,5.333271503448486,5.812268652766467,5.254950327900722,5.812268652766467,43024277
2023-03-14,5.5154709815979,5.547623979475506,5.252475977916052,5.301117662413867,24003341
2023-03-15,4.9861836433410645,5.512997650966556,4.88807589562673,5.508051398620469,49373416
2023-03-16,5.156017780303955,5.274736097373529,4.981237216726536,5.268140700834329,27258427
2023-03-17,4.976290702819824,5.280507651440865,4.919404865621,5.173330980635729,40145383
2023-03-20,5.137054920196533,5.217849598618325,4.728135276152722,4.938365921992596,35743268
2023-03-21,5.414066314697266,5.467654654114415,5.240110502029921,5.241759253051566,25123677
2023-03-22,5.428905487060547,5.568235149881175,5.34975955237113,5.390157091670972,29831064
2023-03-23,5.287102699279785,5.423958842827336,5.2549497001598935,5.317606554489029,21269709
2023-03-24,5.052962779998779,5.235162700692884,4.963923561413392,5.235162700692884,28578499
2023-03-27,5.1576666831970215,5.220323541848418,5.047192510264538,5.154368788269542,72800413
2023-03-28,5.230216979980469,5.275561169176805,5.145300409274201,5.235163625949548,137228110
2023-03-29,5.343164443969727,5.356355630355993,5.2434079396798445,5.259896627821676,70433496
2023-03-30,5.456936359405518,5.515471338285195,5.397577005109713,5.440447671718979,73021084
2023-03-31,5.41736364364624,5.519593665609288,5.394279559270454,5.490738167018227,48122106
2023-04-03,5.430342197418213,5.55320861972653,5.426881014538845,5.433803380297582,14518491
2023-04-04,5.5255208015441895,5.63108172981878,5.4407257343181294,5.4407257343181294,11826658
2023-04-05,5.5895490646362305,5.617237289325638,5.516867526399768,5.542825365979169,14631330
2023-04-06,5.693380832672119,5.71414710883983,5.615507709629154,5.620699278671082,12542691
2023-04-11,5.608584880828857,5.785096962981628,5.603393312596198,5.731451308025328,170543510
2023-04-12,5.708954811096191,5.778175172705208,5.612046222326387,5.612046222326387,61418243
2023-04-13,5.734912872314453,5.766062286022284,5.698572302241263,5.708955440143873,51063229
2023-04-14,5.888927936553955,5.888927936553955,5.724529375481748,5.753947987183659,64723921
2023-04-17,5.807593822479248,5.935651822348195,5.779905595140397,5.911424365560511,18789938
2023-04-18,5.937382221221924,5.994489061305998,5.859509107439675,5.866431473729668,15652964
2023-04-19,5.985836982727051,6.0083332300975325,5.897580728256262,5.92526895686306,12202973
2023-04-20,5.895849704742432,6.098319209849108,5.845664821611177,6.048134326717852,11078945
2023-04-21,5.868161678314209,5.868161678314209,5.778175045174235,5.842203836990797,14922354
2023-04-24,5.895849704742432,5.91661556451042,5.798941121400857,5.824898549257311,10985379
2023-04-25,5.7522172927856445,5.817976883431069,5.722798680554865,5.811054929833102,9268063
2023-04-26,5.7816362380981445,5.7920189620593705,5.610315722828371,5.710685080083432,11342926
2023-04-27,5.961609363555908,5.96680093206586,5.760870227319438,5.800671977505129,12617198
2023-04-28,5.753948211669922,6.013524571448577,5.72279880094494,6.013524571448577,14450654
2023-05-02,5.54109525680542,5.795480465949355,5.525520963708421,5.795480465949355,12236629
2023-05-03,5.442455768585205,5.638003319882769,5.380157364285702,5.624159413409934,23857409
2023-05-04,5.347278118133545,5.461491802278161,5.290171276061237,5.4234208492872344,11028201
2023-05-05,5.442455768585205,5.449377721821622,5.307475823838635,5.397462453669682,14528798
2023-05-08,5.527251720428467,5.542826427157899,5.482258398267403,5.485719581735924,5449964
2023-05-09,5.459761619567871,5.5584006015574206,5.421690252578074,5.5168684637596,6906884
2023-05-10,5.452839374542236,5.556669919792021,5.413037624271228,5.511676600999932,7762670
2023-05-11,5.657039642333984,5.684727869996184,5.4493781411604445,5.451108939042144,17816571
2023-05-12,5.708954811096191,5.755678513923688,5.68299696919986,5.689919335429481,15091119
2023-05-15,5.470144271850586,5.648386742814016,5.430342522988003,5.594741086775707,15645401
2023-05-16,5.451108932495117,5.494371452939293,5.4026544309979885,5.464952840016636,8067282
2023-05-17,5.509945869445801,5.509945869445801,5.407845715923665,5.407845715923665,7951562
2023-05-18,5.593010425567627,5.627620604385182,5.542825542506409,5.572244153242743,8610107
2023-05-19,5.6172380447387695,5.6622313643365825,5.594741384939863,5.624159998695529,13636849
2023-05-22,5.627621650695801,5.682997699548106,5.589550281883754,5.589550281883754,11117836
2023-05-23,5.6172380447387695,5.632812750580917,5.591280201668525,5.632812750580917,6748187
2023-05-24,5.485718727111816,5.549747516909799,5.447647365233018,5.52898124450575,17611234
2023-05-25,5.551477909088135,5.59127965618888,5.438994621067361,5.47706598299421,13066698
2023-05-26,5.606855392456055,5.627621668708358,5.447648374750946,5.546287361777475,8255268
2023-05-29,5.537634372711182,5.6674227589047845,5.503024191404342,5.6674227589047845,5253842
2023-05-30,5.501293659210205,5.617238143514896,5.463222705485613,5.522059934031565,10616285
2023-05-31,5.29536247253418,5.503023964394716,5.241716817497329,5.451108694576054,83953672
2023-06-01,5.4130377769470215,5.471875005064232,5.349008980162301,5.3784275942209065,8460690
2023-06-02,5.615507125854492,5.622429492248065,5.440725832427925,5.478796784663028,12187475
2023-06-05,5.593010425567627,5.684727440692735,5.535903176674197,5.638003327961748,21451358
2023-06-06,5.605124473571777,5.612046427468524,5.535903696846572,5.567053108260802,8163129
2023-06-07,5.613776683807373,5.632812572318428,5.506484956822369,5.617237866969176,9036263
2023-06-08,5.69857120513916,5.785096650026259,5.6431947553770705,5.658769459232508,11152421
2023-06-09,5.6328125,5.7401038130216095,5.560130955222538,5.705493632191561,7305539
2023-06-12,5.670883655548096,5.715876974764374,5.622429565675744,5.670883655548096,7502358
2023-06-13,5.6518473625183105,5.6760744039538,5.544555648550756,5.67088283613393,14650742
2023-06-14,5.86297082901001,5.895850627856331,5.6587704941782615,5.663962063079572,17036727
2023-06-15,5.826629161834717,5.880274813596121,5.785096618446932,5.8404730679067365,11095504
2023-06-16,5.875083923339844,5.916616058932329,5.81105512834603,5.847395695416217,31481005
2023-06-19,5.88200569152832,5.932190577269356,5.847395510862619,5.859509032837025,5922262
2023-06-20,5.831820964813232,5.890658603618067,5.809324718094393,5.852587238813281,5884272
2023-06-21,5.857779026031494,5.933921345898163,5.814516091111342,5.835282365886763,7124768
2023-06-22,5.824899196624756,5.830090765290202,5.698571988466041,5.774714307916054,9186356
2023-06-23,5.755679130554199,5.805864021873028,5.667423283823245,5.760870699489661,11663237
2023-06-26,5.838743209838867,5.843934778230967,5.653578370749726,5.764331279666645,9436517
2023-06-27,5.869892120361328,5.894119164107105,5.7816362841791875,5.849126259687475,9756756
2023-06-28,5.930460453033447,5.935652021620393,5.868162042576022,5.878545179749912,8462242
2023-06-29,6.020447254180908,6.032560777015277,5.933921383788109,5.935652181754396,12195683
2023-06-30,6.084475517272949,6.167539784437272,6.022177110606761,6.039482200648153,18402410
2023-07-03,6.134660720825195,6.1986895160456426,6.082745448004354,6.082745448004354,7880415
2023-07-04,6.077553749084473,6.174462338788286,6.075822951217435,6.143312928212469,5438141
2023-07-05,6.020447254180908,6.082745666319041,5.997950593892528,6.048135070610365,8773124
2023-07-06,5.918346881866455,6.00314195130817,5.878545131417728,5.966800971498342,9641714
2023-07-07,5.965070724487305,5.99275895317005,5.876814469774434,5.9252689731157195,7846775
2023-07-10,5.951226234436035,6.025638578982156,5.921807621231196,5.930460372954572,5715710
2023-07-11,6.006602764129639,6.030829809115722,5.91315535484851,5.984106104475157,7168237
2023-07-12,6.148504734039307,6.167540210624453,6.016985958119388,6.016985958119388,10063480
2023-07-13,6.136390686035156,6.190036340501575,6.091397370153567,6.122546779265075,8373923
2023-07-14,6.126007556915283,6.209072235391735,6.110432852341095,6.1346603080962385,6840764
2023-07-17,6.14158296585083,6.172731965985715,6.087936892582511,6.124277874090131,4278948
2023-07-18,6.196959018707275,6.207341743015029,6.112163950856935,6.183114698653762,7145089
2023-07-19,6.146773815155029,6.235029649028429,6.1000501141287655,6.212532991114171,7150889
2023-07-20,6.224647045135498,6.254066071529062,6.158887863551221,6.16580981752021,7862037
2023-07-21,6.165809631347656,6.221186086599354,6.110433176095959,6.221186086599354,10145133
2023-07-24,6.15888786315918,6.15888786315918,5.978914584461398,6.029099472758735,6611877
2023-07-25,6.1692705154418945,6.196958741725452,6.1329295379384,6.160617764221957,4842545
2023-07-26,6.153696060180664,6.181384287586308,6.070631377963734,6.1606180138856,9332934
2023-07-27,6.247143745422363,6.247143745422363,6.138121628800661,6.186576132069152,13244340
2023-07-28,6.344052314758301,6.43576975228258,6.196959245338427,6.273101564366709,21800288
2023-07-31,6.238491058349609,6.390776101095367,6.217724784879675,6.382123349620929,11518870
2023-08-01,6.056787014007568,6.264448085018037,6.030829173838323,6.238490657434665,11735986
2023-08-02,5.951226234436035,6.025638578982156,5.902772145060043,5.970262123193098,15647645
2023-08-03,5.946034908294678,5.956417632445239,5.850856704991653,5.909693929717065,12325789
2023-08-04,5.991028308868408,6.048135153058012,5.9391130334765805,5.994489492262237,12484336
2023-08-07,6.029099464416504,6.0481349409501535,5.932190871233153,6.011794373226117,6152792
2023-08-08,5.9131550788879395,5.96680073493724,5.78855826393729,5.944304076332654,13063336
2023-08-09,5.978914260864258,6.042943466219155,5.937382126714893,6.025638375941428,6609257
2023-08-10,6.200419902801514,6.22983851614822,6.013524673051603,6.025638608039929,21905247
2023-08-11,6.212532997131348,6.241952021036859,6.172731249443409,6.179653615412873,10820304
2023-08-14,6.231569290161133,6.318094744550861,6.1986894937172625,6.1986894937172625,8069992
2023-08-15,6.153696060180664,6.248874264527707,6.093128036944201,6.233299559252175,5892964
2023-08-16,6.134660720825195,6.191767562186713,6.098319741040467,6.11216406134424,11525714
2023-08-17,6.124277114868164,6.2038806096161805,6.086205752679931,6.113893978581748,7478339
2023-08-18,6.108702659606934,6.1190857963168686,6.0481346371895786,6.086206000930707,6683744
2023-08-21,6.139852523803711,6.203881321468967,6.110433496754606,6.1121642947248604,5128446
2023-08-22,6.167540073394775,6.236760849389319,6.157157348952209,6.1796540083186065,6788871
2023-08-23,6.124277114868164,6.241951971804413,6.094858503780572,6.179653566671797,6365871
2023-08-24,6.205611228942871,6.2177247508721125,6.117355392350158,6.169270663155147,11095065
2023-08-25,6.186575889587402,6.257526637473382,6.164079230484841,6.200419797072406,5393872
2023-08-28,6.29905891418457,6.309441638058821,6.231568939779558,6.231568939779558,1305694
2023-08-29,6.359626770019531,6.387314997461986,6.293867590856366,6.326746974144997,10415306
2023-08-30,6.397698879241943,6.489415911244573,6.383854557615801,6.385585355685289,11952596
2023-08-31,6.286945343017578,6.432308436682983,6.285214957702915,6.415003345778617,16219782
2023-09-01,6.285214424133301,6.415002801190901,6.285214424133301,6.319824603003877,10124044
2023-09-04,6.305981159210205,6.366548770385104,6.283484500034983,6.318094681445185,3654329
2023-09-05,6.19176721572876,6.276562280367233,6.181384079228393,6.250604439116317,12927896
2023-09-06,6.074092864990234,6.188306550886326,6.053326590250609,6.184845367567746,15099915
2023-09-07,6.008333206176758,6.115624936881223,6.006602820828823,6.056787709192225,9168559
2023-09-08,6.030829906463623,6.056787749786228,5.9062334962728915,6.056787749786228,8841775
2023-09-11,6.117355823516846,6.160618345943974,6.067170934425762,6.081014842581821,7851523
2023-09-12,6.136390686035156,6.16061772917574,6.100050121324282,6.124277164464865,9627032
2023-09-13,6.15888786315918,6.193498045587843,6.105242204170528,6.136391203321957,6346004
2023-09-14,6.267910480499268,6.281754802129826,6.110433849040619,6.143313648754,19015732
2023-09-15,6.238491058349609,6.331938463792518,6.209072445991135,6.299059080912987,22765195
2023-09-18,6.19176721572876,6.267909529088297,6.148504284505862,6.236760532173088,7861595
2023-09-19,6.32847785949707,6.32847785949707,6.129469108802637,6.172731629553482,9903937
2023-09-20,6.48422384262085,6.496337365244199,6.3163644986582534,6.342321929255168,17889246
2023-09-21,6.4824934005737305,6.492876537756052,6.382123624592514,6.4115422382184795,10726271
2023-09-22,6.459996223449707,6.510181107420673,6.432307997376558,6.46172660864619,24339333
2023-09-25,6.394237041473389,6.530947382748279,6.359626859828043,6.446152313941408,6971179
2023-09-26,6.376932144165039,6.428847418208479,6.319825301458663,6.385584896131907,9135884
2023-09-27,6.442690849304199,6.463456708502906,6.3423210857932535,6.363087357577826,9511093
2023-09-28,6.652083396911621,6.652083396911621,6.456535417775725,6.46864894003076,17714007
2023-09-29,6.671119213104248,6.710920965079965,6.6070904153831185,6.643430984001236,19296251
2023-10-02,6.655543804168701,6.768027094090378,6.633047146184366,6.679770847356175,79605334
2023-10-03,6.690154075622559,6.819942457115654,6.5915151037290345,6.60708980852882,81702271
2023-10-04,6.598437309265137,6.714381788200006,6.5465220372020525,6.671118855187816,38065295
2023-10-05,6.612281799316406,6.7022680256537095,6.5551749573206575,6.6503527522562935,12884419
2023-10-06,6.641700267791748,6.678040834599739,6.562096767805371,6.655544175360723,15797816
2023-10-09,6.558633804321289,6.671744399312609,6.535658241049236,6.613421880448007,10581330
2023-10-10,6.760112285614014,6.811365501404433,6.620491674341309,6.620491674341309,12843005
2023-10-11,6.876757621765137,6.8855941510013166,6.698255180409136,6.719463524766363,37239036
2023-10-12,6.890895843505859,6.933312529797615,6.846712357110579,6.88559375771939,14344572
2023-10-13,6.788390159606934,6.899733123711853,6.760112507849193,6.874990336437203,12665493
2023-10-16,6.804296016693115,6.853782012759299,6.7424390483216285,6.8308064469730345,10279317
2023-10-17,6.843177795410156,6.855549189002671,6.763646926465137,6.802528750162323,24423209
2023-10-18,6.793692111968994,6.890896037597885,6.776018632639288,6.862618386396559,14541712
2023-10-19,6.7371368408203125,6.7866224146254615,6.685883624115703,6.774251021174174,15059932
2023-10-20,6.66290807723999,6.731834773547637,6.6452345977792335,6.707091986576375,14938480
2023-10-23,6.64700174331665,6.666442865459495,6.565703654452888,6.64700174331665,9429359
2023-10-24,6.5321245193481445,6.652304013081033,6.503846867478937,6.6470019270199945,19719702
2023-10-25,6.565703868865967,6.601050828537652,6.470267162026216,6.512683429358439,16909629
2023-10-26,6.5939812660217285,6.604585437787185,6.456128297177731,6.5197524850325115,15551700
2023-10-27,6.576308250427246,6.737137217012415,6.551565462143069,6.641700085765003,11428201
2023-10-30,6.631095886230469,6.659373115860862,6.54449571172269,6.59751614933315,11384617
2023-10-31,6.558633804321289,6.641699107826888,6.229907033036779,6.268788431367216,18349423
2023-11-01,6.70709228515625,6.758345082915775,6.562169578578923,6.608120711496295,11478186
2023-11-02,6.747741222381592,6.774251231638259,6.671745216413345,6.735369828545947,11454498
2023-11-03,6.834341526031494,6.844945277107373,6.737137173778711,6.790157614634136,13747545
2023-11-06,6.820201873779297,6.862618138363761,6.761879351962295,6.811365345118311,10685482
2023-11-07,6.825504302978516,6.880291963266622,6.76894899977409,6.793692208281645,8733330
2023-11-08,6.92094087600708,6.947451305554692,6.770716513133891,6.774250956160918,17550499
2023-11-09,7.0446553230285645,7.049957408690437,6.905034717126843,6.928010281205301,13497102
2023-11-10,6.98103141784668,7.060561868027346,6.98103141784668,6.98103141784668,10272079
2023-11-13,7.072932720184326,7.090606620391635,6.979263240204247,6.979263240204247,12742353
2023-11-14,7.262039661407471,7.281479940127926,7.065863332215439,7.0693981964903205,18856496
2023-11-15,7.2655744552612305,7.334501151683497,7.221390545851371,7.246133332863778,11848007
2023-11-16,7.217856407165527,7.299154500522493,7.216089185552682,7.265574761664397,10857034
2023-11-17,7.320362567901611,7.33626840455238,7.239064477625946,7.246133363809407,24591636
2023-11-20,7.322129726409912,7.362778349828803,7.307991111426732,7.316827219079986,12598889
2023-11-21,7.330965995788574,7.366313798133279,7.272643470300599,7.2991543220591275,10608500
2023-11-22,7.398124694824219,7.410496087250278,7.332733289925874,7.334500511309896,11327942
2023-11-23,7.461750030517578,7.502398652249513,7.3557091584375565,7.361010822809485,11424365
2023-11-24,7.414032459259033,7.5236077857674655,7.414032459259033,7.45821552854819,11540843
2023-11-27,7.422868251800537,7.445843817658545,7.394591021238985,7.412264079655457,11357967
2023-11-28,7.587233066558838,7.587233066558838,7.412264634438222,7.426404093515281,12851618
2023-11-29,7.684436321258545,7.69504049325796,7.58016266554594,7.581929887089513,11677427
2023-11-30,7.516537666320801,7.710946363507052,7.493562100678226,7.691506083705015,22894079
2023-12-01,7.5607218742370605,7.608440228955422,7.541281593668331,7.574860489942868,8048948
2023-12-04,7.652624130249023,7.677366918385768,7.558954642557914,7.615509948043908,6390576
2023-12-05,7.6243462562561035,7.70387712155695,7.578395127092857,7.6490890423073985,8085917
2023-12-06,7.606672763824463,7.670297796570815,7.594301370135671,7.652623895450832,7144553
2023-12-07,7.474122047424316,7.627881282639846,7.383987003673209,7.58193014996187,10036983
2023-12-08,7.516537666320801,7.5324443457582655,7.428170689591038,7.49002765757567,7540619
2023-12-11,7.504166603088379,7.555420244021744,7.490027987317735,7.520073283226123,13259905
2023-12-12,7.4405412673950195,7.527141013078568,7.408728754746048,7.511235178123028,9197199
2023-12-13,7.445843696594238,7.4758889909731145,7.355709498933566,7.424636195386889,15789056
2023-12-14,7.398124694824219,7.518305019054678,7.329198004419926,7.502398341122669,14778259
2023-12-15,7.320362567901611,7.438774838854389,7.274411436757193,7.417566494828045,30142739
2023-12-18,7.290317535400391,7.341570333024279,7.270876412221256,7.304456151013393,11061121
2023-12-19,7.3009209632873535,7.323896527342317,7.219622878380402,7.2691084493486535,8938893
2023-12-20,7.21962308883667,7.3256639623189015,7.182508909528582,7.3256639623189015,12584968
2023-12-21,7.274411678314209,7.2832477863369505,7.20901942251787,7.217856373278621,4612825
2023-12-22,7.279712677001953,7.315059634072542,7.233761548536394,7.276178234116274,5924362
2023-12-27,7.283247947692871,7.320362973162681,7.247900986604789,7.2903176770056985,5985913
2023-12-28,7.239064693450928,7.297387219893207,7.212553841258614,7.288550269162436,4264480
2023-12-29,7.26910924911499,7.304456209800981,7.2302278451818065,7.240832017661405,4492141
2024-01-02,7.445843696594238,7.495330113379327,7.309758367964683,7.316827254121141,12884145
2024-01-03,7.352174758911133,7.511236507571165,7.33450169947004,7.47588954595094,7949923
2024-01-04,7.475889205932617,7.48649337821019,7.366313882715035,7.3769172122546065,6040776
2024-01-05,7.52360725402832,7.558954212604277,7.396358034607281,7.458215001430714,7361240
2024-01-08,7.601370334625244,7.624345898127666,7.46351695361071,7.511235302002217,6901166
2024-01-09,7.435239791870117,7.537746229464985,7.3486400341749745,7.535979007862351,11057043
2024-01-10,7.424635887145996,7.45468033753957,7.37691669388113,7.426403108611742,7736169
2024-01-11,7.316827297210693,7.516537658852344,7.316827297210693,7.470587370350834,7166372
2024-01-12,7.323896884918213,7.410496638340727,7.3062229842878414,7.346872450094916,5656200
2024-01-15,7.292084693908691,7.339803047900907,7.260272177001212,7.307991373731433,4904142
2024-01-16,7.194880485534668,7.247900502254648,7.145394911865894,7.246133280729045,9543646
2024-01-17,7.152463912963867,7.1683705924259815,7.064096514728176,7.113582510561558,9189726
2024-01-18,7.143627166748047,7.207252200940074,7.102978541629259,7.157766625060503,12720401
2024-01-19,7.065863609313965,7.19311325040337,7.046422908462144,7.19311325040337,8020369
2024-01-22,7.221390724182129,7.221390724182129,7.1100473371387185,7.152464026057732,8136043
2024-01-23,7.187811374664307,7.244366682035791,7.125954402260204,7.23199528755497,7526002
2024-01-24,7.26910924911499,7.26910924911499,7.1630683670570185,7.194880884495816,5783214
2024-01-25,7.148929119110107,7.235528870173973,7.078235203989988,7.233761648706662,7480872
2024-01-26,7.150696754455566,7.182509270922293,7.115349794849645,7.168370655627522,7031754
2024-01-29,7.170137882232666,7.205484841863411,7.067631446482108,7.16306815321132,7393341
2024-01-30,7.611974716186523,7.631414994715322,7.145394547688504,7.230227075759618,17780218
2024-01-31,7.666761875152588,7.723317174215085,7.606672133254285,7.661460210898879,16618609
2024-02-01,7.6649956703186035,7.81698768800944,7.619044536407093,7.643787325015132,11350614
2024-02-02,7.919494152069092,7.94246971909327,7.700342654510623,7.76220046895297,13327203
2024-02-05,7.894751071929932,7.979583607526587,7.868241062569353,7.9442366474664805,13757162
2024-02-06,8.044975280761719,8.09269363125322,7.93539912258736,7.944236072647475,13947145
2024-02-07,7.94070291519165,7.993722938659548,7.818755344286942,7.98842127340799,12626042
2024-02-08,8.055580139160156,8.089159878061476,7.968979538115169,7.99725761217113,10116776
2024-02-09,8.087392807006836,8.096228915246934,8.018466106305889,8.039673608820156,13668999
2024-02-12,8.173992156982422,8.177526600101201,8.090926844525194,8.10329823817891,18353632
2024-02-13,8.19520092010498,8.223478151976705,8.131575884286553,8.209339536040842,9047596
2024-02-14,8.117436408996582,8.271195631839651,8.112134744608657,8.195200052518407,10461236
2024-02-15,7.990187644958496,8.13157548281255,7.917726504468991,8.13157548281255,11297888
2024-02-16,7.967211723327637,8.060881203859251,7.912424486385866,8.04144092480228,11176991
2024-02-19,7.976049900054932,8.007862419864823,7.907123195169206,7.95307433175969,5992363
2024-02-20,8.039671897888184,8.050276068257647,7.91242353893034,7.970746054593456,7389607
2024-02-21,8.212873458862305,8.21464068040004,8.050277279059086,8.06795117991238,10037380
2024-02-22,8.246453285217285,8.311845539246455,8.195200489118413,8.239384398990122,8880989
2024-02-23,8.333053588867188,8.333053588867188,8.22877993606028,8.257057165445426,8376997
2024-02-26,8.356029510498047,8.386073962660154,8.313612821871551,8.315380043441325,5680949
2024-02-27,8.280034065246582,8.410817747029128,8.23585014981329,8.334822154093388,10890940
2024-02-28,8.235848426818848,8.343657360178872,8.17752590661503,8.255289547799425,9858549
2024-02-29,8.117436408996582,8.260591460325859,8.082089451529923,8.212873109882766,30979546
2024-03-01,8.272963523864746,8.32598353759232,8.1068320687648,8.128040411351,8378798
2024-03-04,8.318914413452148,8.354262215488825,8.26235995276463,8.269428838981577,7263255
2024-03-05,8.384305953979492,8.39314290373674,8.30124064883236,8.320681769750722,7959209
2024-03-06,8.538065910339355,8.589319549175027,8.364865556708098,8.368400842559584,12860453
2024-03-07,8.70242977142334,8.720103673396915,8.516858014390941,8.516858014390941,17127158
2024-03-08,8.746612548828125,8.872094539798704,8.714800877783803,8.723636984886157,11939752
2024-03-11,8.780193328857422,8.813773068056062,8.686523840522591,8.71303385046014,11517140
2024-03-12,9.009063720703125,9.031156094885297,8.79433073153226,8.79433073153226,14800925
2024-03-13,9.07534122467041,9.150452778807761,8.986973401497734,8.99139187693017,14889385
2024-03-14,9.004646301269531,9.119524132267538,8.991391717944609,9.079758696816766,11590222
2024-03-15,9.203474044799805,9.291841871847108,8.9825553199196,8.995810746798112,47546237
2024-03-18,9.176962852478027,9.32276915842055,9.176962852478027,9.207891335141904,12848444
2024-03-19,9.283004760742188,9.309514771304656,9.176963875754272,9.176963875754272,10826867
2024-03-20,9.300677299499512,9.30951425010494,9.20789184635651,9.291841191632079,9734365
2024-03-21,9.54368782043457,9.605544785539177,9.384626089893645,9.384626089893645,14129689
2024-03-22,9.632054328918457,9.671819759637545,9.526013461246855,9.543687360561073,11765602
2024-03-25,9.592289924621582,9.711586229544139,9.55252533238539,9.55252533238539,8338177
2024-03-26,9.579034805297852,9.609963287938202,9.490666989692896,9.574616330243808,10372422
2024-03-27,9.636472702026367,9.70274813827929,9.552524209383682,9.561360316209615,13875774
2024-03-28,9.755769729614258,9.844137546449693,9.618800371983497,9.636473429707808,15040664
2024-04-02,9.693913459777832,9.799954341954406,9.640892597320535,9.764607381228881,9892784
2024-04-03,9.764607429504395,9.83530135130495,9.729260468604117,9.733678944058905,47022984
2024-04-04,9.928086280822754,9.963433239847399,9.795535395164828,9.808790820825813,38040077
2024-04-05,9.724841117858887,9.844137416186744,9.636473302192783,9.839718941129643,80381394
2024-04-08,9.756905555725098,9.821036047809939,9.683614313657156,9.729421558374751,10501586
2024-04-09,9.60116195678711,9.775229321199795,9.60116195678711,9.756906072861378,9199477
2024-04-10,9.550774574279785,9.614904194740479,9.399611273407753,9.601161758770093,11371088
2024-04-11,9.271350860595703,9.523290269746445,9.1485880737905,9.436256592134333,14907351
2024-04-12,9.207221031188965,9.285093083330832,9.091786847017309,9.21180184292678,12236624
2024-04-15,9.317158699035645,9.390449945789664,9.078961710234791,9.106445709342404,10931585
2024-04-16,9.12660026550293,9.271350595535054,9.075296572251164,9.19347854383484,25637589
2024-04-17,9.36296558380127,9.431676015757578,9.124768604232226,9.13026505436049,8579535
2024-04-18,9.54619312286377,9.54619312286377,9.408772267166889,9.427094640199575,9899130
2024-04-19,9.349223136901855,9.408772818574146,9.285093516978352,9.312577514988346,50973015
2024-04-22,9.555355072021484,9.559935883860964,9.340061284068609,9.431675773457133,6364161
2024-04-23,9.766067504882812,9.766067504882812,9.582839393606509,9.601161767883863,10338467
2024-04-24,9.665292739868164,9.811875236134883,9.582839867292986,9.784391236510022,6263101
2024-04-25,9.624066352844238,9.775229662105641,9.532451855358286,9.69735760135276,9156861
2024-04-26,10.063813209533691,10.077555645400524,9.646968932279078,9.660711368145911,13868323
2024-04-29,9.985939979553223,10.306589789139975,9.738582278938093,10.07755446049242,17902046
2024-04-30,9.321739196777344,10.054652513299251,9.216383142334342,10.004264455217577,29250104
2024-05-02,8.963528633117676,9.23470607872976,8.950702708272534,9.16141482998592,27702493
2024-05-03,9.023993492126465,9.128433035670682,8.912223600904657,9.051477490564357,16793025
2024-05-06,9.01483154296875,9.060638787846948,8.912223279493565,9.029489616693626,11604186
2024-05-07,9.34006118774414,9.34006118774414,9.078961031490262,9.16141389634949,17398582
2024-05-08,9.427095413208008,9.550774717697024,9.36754660384324,9.523290719044097,12926731
2024-05-09,8.79495906829834,9.022161427636322,8.79495906829834,9.022161427636322,25561390
2024-05-10,8.895733833312988,8.994676931729856,8.813280960065399,8.829771185234675,12164163
2024-05-13,8.90855884552002,8.928714242651456,8.840764054223747,8.90855884552002,7228969
2024-05-14,9.06980037689209,9.09911740075443,8.868249878703809,8.884740103957206,40638532
2024-05-15,9.344642639160156,9.376707450200074,9.051477653994526,9.106445651862796,12532494
2024-05-16,9.137595176696777,9.376707811405954,9.12660140195951,9.344642999130846,9468774
2024-05-17,9.179737091064453,9.216382711492434,9.051476982716268,9.069799356080004,12116828
2024-05-20,9.099117279052734,9.184317939989871,9.08079403017127,9.137595053263093,7297753
2024-05-21,9.148588180541992,9.179737351956277,9.064303163792173,9.082625537676638,7017225
2024-05-22,9.170575141906738,9.239285568556891,9.148587595690573,9.16599433030333,6843296
2024-05-23,9.193479537963867,9.307997222041545,9.155918275785954,9.18431791354951,6111759
2024-05-24,9.128433227539062,9.161414550578096,9.075297379615543,9.11560730308509,6651940
2024-05-27,9.143091201782227,9.207221697049022,9.106445578930016,9.146756375657844,35081466
2024-05-28,9.102781295776367,9.20722171426572,9.0331543501168,9.133930468424248,6455993
2024-05-29,8.947036743164062,9.115606775110356,8.92321704574338,9.088122777686651,11443713
2024-05-30,9.133931159973145,9.148589235511118,8.923218156949968,8.923218156949968,17190278
2024-05-31,9.1064453125,9.159582031986439,9.073464864488324,9.13393018411045,35356618
2024-06-03,8.948869705200195,9.262190100103286,8.932379479989729,9.170576475810932,10841714
2024-06-04,8.663033485412598,8.945204683610372,8.510953675642694,8.936043059809661,20687885
2024-06-05,8.749150276184082,8.758311899590991,8.626387493113194,8.7070073327326,7922004
2024-06-06,8.976353645324707,8.976353645324707,8.705175353583087,8.76930497128865,10443753
2024-06-07,9.064302444458008,9.100948063019311,8.886570801270478,8.91405479676634,10300292
2024-06-10,8.941539764404297,9.05880522087122,8.908558445225877,9.05880522087122,9060413
2024-06-11,8.783964157104492,8.980018189201527,8.728995287791964,8.980018189201527,8231827
2024-06-12,8.560425758361816,8.758312825856999,8.527444434829189,8.712505577678446,13218549
2024-06-13,8.351545333862305,8.567754764598352,8.314899712061308,8.509121594976648,21317753
2024-06-14,8.263596534729004,8.33688778292921,8.05288354087796,8.291080534378931,21518269
2024-06-17,8.313068389892578,8.404682016668247,8.20679581397625,8.32772646533261,7285762
2024-06-18,8.448657035827637,8.461482960927487,8.331390686028474,8.428501636227606,11851373
2024-06-19,8.474308013916016,8.549431406584098,8.406513221293288,8.448656166356207,8724793
2024-06-20,8.565922737121582,8.565922737121582,8.448656396200368,8.505457416599793,7560976
2024-06-21,8.419339179992676,8.591574387280854,8.307570165532654,8.591574387280854,33156341
2024-06-24,8.604400634765625,8.63005248339671,8.408346596156212,8.410178746244066,7030487
2024-06-25,8.501791954040527,8.685020059444316,8.450488259267571,8.65570391205992,7378842
2024-06-26,8.42850112915039,8.57508362073031,8.34421610912188,8.510953999089237,13124586
2024-06-27,8.4651460647583,8.505456858260334,8.382693201513822,8.443158518066374,6070021
2024-06-28,8.567755699157715,8.578749474267255,8.446825046653416,8.53843867429873,8217894
2024-07-01,8.703344345092773,8.816945521884918,8.642879019411339,8.728996195539366,7020253
2024-07-02,8.611729621887207,8.659369021113251,8.488966823481817,8.657536870943114,7013100
2024-07-03,8.789461135864258,8.804119210662424,8.630052715820446,8.681356414464323,6969109
2024-07-04,8.800455093383789,8.870082042248631,8.769305919301956,8.837100717991504,4806696
2024-07-05,8.807784080505371,8.862752077525602,8.696014188989857,8.837100229089419,6296433
2024-07-08,8.771139144897461,8.901230547341314,8.749151594887039,8.785797220337534,8282809
2024-07-09,8.703344345092773,8.749151595333387,8.61905931918227,8.749151595333387,6431720
2024-07-10,8.851758003234863,8.851758003234863,8.664865596522468,8.721666615391175,6502592
2024-07-11,8.895733833312988,8.923217833161985,8.815113110228584,8.895733833312988,4728042
2024-07-12,8.965359687805176,8.983682060902026,8.890236298077147,8.893900597956419,5606168
2024-07-15,8.991011619567871,9.023992939895358,8.871913135357925,8.934210602398396,4608500
2024-07-16,8.868249893188477,8.959863517868982,8.813281019419687,8.959863517868982,5588386
2024-07-17,8.99467658996582,9.02582576265824,8.844429797886148,8.890237045027707,6692990
2024-07-18,9.113775253295898,9.165995463590695,9.005670532450713,9.064303705043086,7215848
2024-07-19,9.051477432250977,9.099116828543377,9.000173735843948,9.064303356352735,11083732
2024-07-22,9.239286422729492,9.243867234756395,9.071632896307499,9.106445495050963,7414409
2024-07-23,9.34006118774414,9.381287620173755,9.179737143518436,9.25302838479319,9156009
2024-07-24,9.253028869628906,9.362965737301458,9.193479186910091,9.358384925269197,7516054
2024-07-25,9.184317588806152,9.198060024941775,8.994676513377472,9.161414402280675,6269505
2024-07-26,9.193479537963867,9.202641162378223,9.095452952572149,9.152253101799856,7262476
2024-07-29,9.188897132873535,9.321738042752129,9.119271071015552,9.253027618956503,5079093
2024-07-30,9.321739196777344,9.367546442878815,9.165995084252668,9.175156708213072,6282615
2024-07-31,8.890235900878906,9.207220542486482,8.85725458233752,9.122935533125467,20946352
2024-08-01,8.437663078308105,8.833436345038944,8.399185303841344,8.714337847617585,14642184
2024-08-02,8.129838943481445,8.444992353527367,8.10235494432474,8.35704215830498,16628299
2024-08-05,7.9649338722229,8.018069719067569,7.754220887513543,7.8366737565867455,14943325
2024-08-06,7.897139072418213,8.085864508761928,7.803692429280991,8.063876960529575,10728486
2024-08-07,8.117012977600098,8.199465848350645,7.942946485560503,8.01440558196427,10795746
2024-08-08,8.076702117919922,8.140831732758745,7.922790168606275,8.047385972193739,5662344
2024-08-09,8.151825904846191,8.248936843655704,8.080366813227812,8.153658054831197,5000347
2024-08-12,8.175644874572754,8.228781587912371,8.106017939134876,8.188470797027053,4596758
2024-08-13,8.217788696289062,8.232446770136798,8.135335829557317,8.217788696289062,3917699
2024-08-14,8.206794738769531,8.25993058291583,8.17381341807501,8.24893680935099,2907062
2024-08-15,8.41201114654541,8.421172770957755,8.18114362829797,8.245273251783205,5821920
2024-08-16,8.457818031311035,8.477972555711057,8.38635893662778,8.395519686945718,4140209
2024-08-19,8.611729621887207,8.663034195154136,8.477973048760376,8.479805198930515,5220992
2024-08-20,8.553096771240234,8.655704163769995,8.50545737507983,8.639213939599298,4488541
2024-08-21,8.575082778930664,8.650207041136047,8.49263079078654,8.51644961331449,3564398
2024-08-22,8.56408977508545,8.630052419966765,8.525612002421628,8.553096874639122,5536564
2024-08-23,8.648374557495117,8.674027278935487,8.57141901427562,8.604400335812777,5292549
2024-08-26,8.626387596130371,8.675859139937778,8.571418728732972,8.642877819499338,3335440
2024-08-27,8.672194480895996,8.701511503147705,8.608064859877505,8.62272293415308,7978715
2024-08-28,8.674027442932129,8.7070078913923,8.536605704112723,8.699679291156952,9722802
2024-08-29,8.714337348937988,8.750982971147462,8.659368478773503,8.674027426617734,4197306
2024-08-30,8.785796165466309,8.787628315463762,8.721666547052854,8.721666547052854,10433959
2024-09-02,8.750984191894531,8.844430847359526,8.703344789006547,8.79495929416057,4465178
2024-09-03,8.498127937316895,8.769305367613752,8.490798463376214,8.732659745311459,7802718
2024-09-04,8.28741455078125,8.391854962429033,8.247104630319189,8.324061045001955,8150116
2024-09-05,8.34238338470459,8.459649719375603,8.201297353106668,8.245272447033425,5211506
2024-09-06,8.164652824401855,8.38269442582468,8.164652824401855,8.270925399800516,7819217
2024-09-09,8.276422500610352,8.336887824361046,8.210459852681993,8.210459852681993,4984626
2024-09-10,8.173813819885254,8.368035706244179,8.155491445510167,8.259930988959441,7230866
2024-09-11,8.148161888122559,8.289247926278744,8.058379546132059,8.204962908134881,6120075
2024-09-12,8.307570457458496,8.351545554260417,8.204963063188101,8.250769436372776,10928444
2024-09-13,8.476140975952148,8.477973126139009,8.263596701365795,8.29840930231739,7905111
2024-09-16,8.54026985168457,8.593406570944481,8.444991934423028,8.455984834579695,4616785
2024-09-17,8.620890617370605,8.694181861031737,8.567754771511474,8.569586921547922,6887642
2024-09-18,8.668529510498047,8.703342980273597,8.630051740862068,8.635548190652711,6964570
2024-09-19,8.952533721923828,8.952533721923828,8.703342983608845,8.774802073117543,10969394
2024-09-20,8.923216819763184,9.044147453805545,8.90489444651157,8.950701690191359,20888265
2024-09-23,8.923216819763184,8.980017836874142,8.7509824921757,8.895732823035512,5301874
2024-09-24,8.90855884552002,9.049644878039041,8.838931904248255,8.981850086742769,5198140
2024-09-25,8.85359001159668,8.967192047516557,8.791292543689254,8.840764088018695,5059934
2024-09-26,9.119272232055664,9.133930306223547,8.952534344932054,8.958030795107303,7926635
2024-09-27,9.102781295776367,9.139426918697103,9.009334651533292,9.07896159719286,7299245
2024-09-30,8.893900871276855,9.122936221079245,8.893900871276855,9.04414765535018,20356664
2024-10-01,8.520115852355957,8.936043639713827,8.455985355289759,8.936043639713827,66450950
2024-10-02,8.477972030639648,8.600734814302442,8.419338863733426,8.529276597745406,9444415
2024-10-03,8.551263809204102,8.628220227857387,8.395519695532627,8.454152866130181,7977246
2024-10-04,8.750984191894531,8.857256773237008,8.558594430031622,8.569588205598132,11023009
2024-10-07,8.842597007751465,8.941540095247209,8.752814670060507,8.842597007751465,13455652
2024-10-08,8.795371055603027,8.844486141945556,8.70469649573096,8.842597238742309,9401024
2024-10-09,8.757590293884277,8.78592564347705,8.657471217942929,8.774591323487037,5642324
2024-10-10,8.717920303344727,8.799149451881421,8.629135541488532,8.759479779660303,8601966
2024-10-11,8.77270221710205,8.79914866287806,8.693362879774025,8.704696298737026,6418018
2024-10-14,8.878488540649414,8.882267247964931,8.753811916822169,8.765146237239605,5274061
2024-10-15,8.918158531188965,8.944604976850965,8.789703208419182,8.899267698136395,58035936
2024-10-16,8.77270221710205,8.904935346746598,8.727364938192034,8.869043484403585,57272109
2024-10-17,8.595132827758789,8.850152773230725,8.583798507875091,8.797259880949808,33619442
2024-10-18,8.774591445922852,8.844486270042454,8.566796777559185,8.595133028311867,12373037
2024-10-21,8.570575714111328,8.717920078450971,8.538461656038146,8.672583697409758,6092717
2024-10-22,8.634801864624023,8.663137211875954,8.476122298637208,8.578130269355714,7668624
2024-10-23,8.648026466369629,8.6688062047438,8.568686220336627,8.614023503784056,8194976
2024-10-24,8.529016494750977,8.68391827839161,8.529016494750977,8.625357771096345,5047870
2024-10-25,8.540349960327148,8.62724581051725,8.506347001357675,8.54412776662448,5134226
2024-10-28,8.555461883544922,8.63857992546807,8.417562048550627,8.598910257992639,7062988
2024-10-29,8.517682075500488,8.623468768076703,8.491235627547578,8.614023350732213,7794401
2024-10-30,8.589465141296387,8.595132751570254,8.427007758756103,8.462899621275579,8083827
2024-10-31,8.64235782623291,8.702807230041632,8.330666291566445,8.406227821136225,13710798
2024-11-01,8.893601417541504,8.893601417541504,8.604577602945724,8.644248174116195,30404514
2024-11-04,9.022055625915527,9.078727225660701,8.869043657750334,8.887933590489045,11324720
2024-11-05,9.073060035705566,9.090061066034604,8.978607665341983,9.02205604395389,7141848
2024-11-06,8.472345352172852,8.916269140298038,8.400561624471063,8.84448631336079,25327856
2024-11-07,8.823705673217773,8.87848746462567,8.593242387013518,8.661248301276196,19381291
2024-11-08,8.59702205657959,8.78214808733944,8.547906968811374,8.727365389032443,9787107
2024-11-11,8.61780071258545,8.733032816558836,8.615911809366956,8.67069450652591,8164379
2024-11-12,8.419451713562012,8.655581737443455,8.419451713562012,8.510126276870734,9149804
2024-11-13,8.385449409484863,8.487457389479243,8.281551625505987,8.406228245669014,9378801
2024-11-14,8.5819091796875,8.604576917567812,8.394893361250293,8.42511851303149,7403073
2024-11-15,8.855820655822754,8.870932782544129,8.515792850386829,8.51957155764058,17917462
2024-11-18,8.904935836791992,8.906824740056441,8.772702699870555,8.806705660924276,6524257
2024-11-19,8.8104829788208,8.918158565803584,8.615911541140814,8.910602052400327,8120903
2024-11-20,8.717920303344727,8.938938206702568,8.678250631123607,8.87848879632366,7376023
2024-11-21,8.740588188171387,8.75759011819759,8.60835595888149,8.727364965242396,5514638
2024-11-22,8.661249160766602,8.81803983912748,8.445898879093614,8.759479335050832,10624503
2024-11-25,8.738699913024902,8.802927129119281,8.65747166644702,8.761368554179288,19622848
2024-11-26,8.449676513671875,8.597021772100813,8.430785680187105,8.561129909091365,12004923
2024-11-27,8.306108474731445,8.438341597487797,8.239992363735498,8.425118375288609,9097680
2024-11-28,8.37789249420166,8.46289944037656,8.370336881684016,8.434564091906422,4881553
2024-11-29,8.440231323242188,8.46101106047971,8.217324526426282,8.321222311849349,6919031
2024-12-02,8.478012084960938,8.485568598705465,8.340112239666247,8.359003073645294,6549448
2024-12-03,8.64235782623291,8.666915368381314,8.49123476709335,8.500680183480693,8218564
2024-12-04,8.729253768920898,8.748144601898158,8.653692238540849,8.661248751884653,6731578
2024-12-05,9.097617149353027,9.114618178877414,8.717919683349212,8.723587293700353,12935146
2024-12-06,9.023944854736328,9.141065864847755,8.989941893662248,9.044724592186803,7158974
2024-12-09,9.050390243530273,9.125951769903747,9.037167021453138,9.074947784639875,5609752
2024-12-10,9.059836387634277,9.120285793744111,8.997498078327968,9.025833427804148,5148392
2024-12-11,8.980496406555176,9.120285141507138,8.95782776828957,9.046612517526146,7850592
2024-12-12,9.129731178283691,9.135397887853129,9.025833395963353,9.025833395963353,9285362
2024-12-13,9.16562271118164,9.28840952097925,9.129730849573916,9.129730849573916,8167552
2024-12-16,9.22607135772705,9.273297539565087,9.171289563284207,9.171289563284207,8264622
2024-12-17,8.991830825805664,9.2392942441279,8.974828896534929,9.173178132420773,6213448
2024-12-18,9.029611587524414,9.114617630799307,8.933270324228847,8.978606700489228,6487831
2024-12-19,8.853931427001953,8.950272704851834,8.80292743302604,8.878488972306252,9348876
2024-12-20,8.78592586517334,8.801037991953176,8.625357378821784,8.770813738393503,34278281
2024-12-23,8.784036636352539,8.846374945177852,8.69525188145158,8.810483082428185,3731184
2024-12-24,8.751922607421875,8.802926596551268,8.73869938434257,8.774591247204832,1616478
2024-12-27,8.865264892578125,8.874710309267932,8.727365051659199,8.727365051659199,4335543
2024-12-30,8.850152969360352,8.916269086176708,8.7330328623193,8.7330328623193,4311519
2024-12-31,8.927603721618652,8.927603721618652,8.8482643786369,8.8482643786369,2040991
2025-01-02,8.782147407531738,8.927602855554358,8.46856607108624,8.906824020559402,9691109
2025-01-03,8.801037788391113,8.829373138043497,8.723587352266852,8.782147855544366,5626158
2025-01-06,9.203404426574707,9.209071136525461,8.823706936172357,8.857709898170608,10516842
2025-01-07,9.326190948486328,9.375306036201591,9.07305989688585,9.203404129962719,12689770
2025-01-08,9.352638244628906,9.516039634929438,9.239295042247932,9.333747410643896,10062023
2025-01-09,9.439534187316895,9.439534187316895,9.21284868120528,9.256297059317303,6268002
2025-01-10,9.384751319885254,9.511316843886947,9.331858426409537,9.439534017354703,9622174
2025-01-13,9.676608085632324,9.676608085632324,9.426309940826405,9.435755357784636,11181152
2025-01-14,9.771060943603516,9.941073953553401,9.714389339777165,9.728557465924899,10782620
2025-01-15,9.832453727722168,9.908015260824076,9.695498786761657,9.789950252756778,9054226
2025-01-16,9.756892204284668,9.964686870903003,9.714388729277177,9.9174606874764,8489433
2025-01-17,9.761614799499512,9.874957097950224,9.714388616620585,9.84189904016433,10761180
2025-01-20,9.8466215133667,9.917460335611022,9.742723733361498,9.813563456370314,7862909
2025-01-21,9.86078929901123,9.86078929901123,9.634104694612017,9.733279772014514,9820701
2025-01-22,9.780505180358887,9.917461026906972,9.700221836779807,9.917461026906972,7176815
2025-01-23,10.044970512390137,10.07802856858444,9.818285926402515,9.837175858185914,8579327
2025-01-24,10.125255584716797,10.163036352165703,10.03552592423894,10.10636475061007,7139255
2025-01-27,10.186649322509766,10.243320925892812,9.974132836543642,9.988300061815972,11539779
2025-01-28,10.333048820495605,10.37555229427134,10.125255060663685,10.16775853443942,8742447
2025-01-29,10.4511137008667,10.474727241996886,10.337771405735268,10.35193953041338,9158026
2025-01-30,10.592792510986328,10.800587174320329,10.455836671290314,10.64946320959091,10800220
2025-01-31,10.436946868896484,10.67779959288231,10.413333326879526,10.606959867595961,8492186
2025-02-03,10.148868560791016,10.2480436415881,9.898570405221776,9.97413284337243,18090245
2025-02-04,10.389720916748047,10.403889042273395,10.167759021438211,10.281101323347354,9371079
2025-02-05,10.418055534362793,10.512507896360125,10.366107545952293,10.389720186069386,6936527
2025-02-06,10.98949146270752,11.031994938816263,10.465282524542722,10.521954126275897,16823382
2025-02-07,11.003658294677734,11.036717253287692,10.880871480041682,10.970600236832295,8737455
2025-02-10,10.866703033447266,10.989490745215338,10.819476851880392,10.970599912282792,16082327
2025-02-11,11.055606842041016,11.055606842041016,10.814754127106385,10.861980308601026,6099237
2025-02-12,11.296460151672363,11.324795501755053,11.112279024988073,11.145337083545302,9364993
2025-02-13,11.29173755645752,11.334241032390146,11.19728518754845,11.32479561534633,9192918
2025-02-14,11.38146686553955,11.438137564524133,11.220898383809034,11.249233733301326,8610366
2025-02-17,11.51842212677002,11.532590252293737,11.35785364055941,11.362576349067316,6175146
2025-02-18,11.75927448272705,11.773442607800927,11.527867177774167,11.560925235515363,10223820
2025-02-19,11.452305793762207,11.797055401473418,11.433414960085935,11.716771159878318,9738118
2025-02-20,11.4948091506958,11.627042282777834,11.400356784813702,11.419247618295929,7704691
2025-02-21,11.60815143585205,11.622319560947313,11.428693021801319,11.471196496322587,8441612
2025-02-24,11.716771125793457,11.735661959414774,11.560925351475692,11.60815153476446,6461205
2025-02-25,11.877339363098145,12.056798675734434,11.62231941983145,11.627042128139195,13173651
2025-02-26,12.217367172241211,12.217367172241211,11.886784796352364,11.905674728845279,10949387
2025-02-27,12.174863815307617,12.274037988569695,12.014295334132763,12.184308331262685,10551756
2025-02-28,12.113470077514648,12.113470077514648,11.91512082089068,12.037908541730713,24042421
2025-03-03,12.212644577026367,12.368490349785343,11.957623730276486,12.066243320219058,13131030
2025-03-04,11.5703706741333,12.052076118382743,11.442860250520592,11.995404518744477,17352465
2025-03-05,12.12763786315918,12.212644813723353,11.900953262164409,11.900953262164409,17274004
2025-03-06,12.401549339294434,12.472388168459126,12.122915830584006,12.274038906339237,12938651
2025-03-07,12.42988395690918,12.462942015183215,12.165418589952365,12.245702831802678,12602535
2025-03-10,12.05207633972168,12.458219358324165,12.009572864403525,12.38265782459512,13106345
2025-03-11,11.839558601379395,12.17486368522593,11.759274361649759,12.05207597147681,11038905
2025-03-12,12.160696029663086,12.264592914184972,11.919843301178014,11.943456843636085,7890363
2025-03-13,12.061521530151367,12.207921886406886,11.952901039286449,12.033185279961641,8230422
2025-03-14,12.448774337768555,12.495999618862282,11.990681544737615,12.033185018333567,8490578
2025-03-17,12.538503646850586,12.637678723214355,12.340154394887588,12.410994121189367,6527721
2025-03-18,12.831304550170898,12.836027258378257,12.533781139223196,12.571561904117578,8221614
2025-03-19,12.699071884155273,12.722685426050207,12.439329228662645,12.524336177955366,12903052
2025-03-20,12.35432243347168,12.75574364304748,12.245702841693678,12.694349334119371,8861752
2025-03-21,12.349599838256836,12.439329497870443,12.141805168906998,12.250425662445382,25543701
2025-03-24,12.406271934509277,12.604621194814579,12.344877622567513,12.519614240288796,6656600
2025-03-25,12.69434928894043,12.699071997361518,12.401548572949235,12.448774756395581,7817709
2025-03-26,12.585729598999023,12.788801555693029,12.505445357998243,12.699071897924034,5926461
2025-03-27,12.420437812805176,12.524335590742519,12.184307809514094,12.335431768262547,6618280
2025-03-28,12.019018173217773,12.321264305415704,11.99540463116198,12.203199297430322,11140790
2025-03-31,11.849003791809082,11.938733446444507,11.650654550426006,11.900952681455564,10940977
2025-04-01,12.04735279083252,12.137082443662829,11.867893485171898,11.91511966564914,30264451
2025-04-02,12.0237398147583,12.06152148152562,11.867894042401161,11.967069116136349,23128103
2025-04-03,11.839558601379395,12.094579445496294,11.603428590499822,11.712048179320943,20692222
2025-04-04,10.729747772216797,11.63648708400727,10.422778926721826,11.631764375520941,28042404
2025-04-07,10.210262298583984,10.725024905285332,9.54909753249842,10.092197290463638,35122274
2025-04-08,10.622599601745605,10.838586183523612,10.156266064329468,10.539150304441069,19268307
2025-04-09,10.504788398742676,10.627507891569753,10.195535688779632,10.259349413088524,14647290
2025-04-10,11.172383308410645,12.301402325417698,11.172383308410645,11.609264425520035,21544167
2025-04-11,11.074207305908203,11.349099657248024,10.818951460057617,11.211653481578113,8502679
2025-04-14,11.442365646362305,11.466910107545255,11.250923530512598,11.403095444745047,7665221
2025-04-15,11.692713737487793,11.722166155147516,11.393277859741604,11.486544941318781,42014284
2025-04-16,11.73198413848877,11.73198413848877,11.39818694510704,11.57981221901492,26189321
2025-04-17,11.648534774780273,11.805615585778371,11.520906381775447,11.781072060163226,20710857
2025-04-22,11.697622299194336,11.736892500389212,11.511089077587544,11.550359278782418,10724321
2025-04-23,12.129594802856445,12.178682789594617,11.835068754978353,11.864521172511068,9788029
2025-04-24,12.026510238647461,12.109959530815624,11.93324316239471,12.051053762583512,6481345
2025-04-25,12.227770805358887,12.271949899900566,12.070689996444235,12.144321508588543,8267865
2025-04-28,12.365216255187988,12.468300178881641,12.27194917926843,12.27194917926843,8163853
2025-04-29,12.114869117736816,12.55665912785366,11.947970523827601,12.507571140890573,11767027
2025-04-30,11.839977264404297,12.252313905354779,11.560176029927428,12.20322685647943,13610460
2025-05-02,11.997057914733887,12.109959623746795,11.82034154495686,12.075598315462468,10220777
2025-05-05,12.213044166564941,12.213044166564941,11.972514060128697,11.987240737113744,6483657
2025-05-06,12.286676406860352,12.301402147320207,11.952879224396877,12.213043959459233,8735868
2025-05-07,12.321037292480469,12.335763032433785,12.16395649114222,12.247405783887594,11914846
2025-05-08,12.571385383605957,12.571385383605957,12.340672133492406,12.370125486448675,8580926
2025-05-09,12.581202507019043,12.625381601144966,12.458483009174913,12.605746968353149,6986627
2025-05-12,12.8070068359375,12.851185929946213,12.649926028917836,12.684287338418955,10561033
2025-05-13,12.988631248474121,13.003357925326812,12.70883094220128,12.762827821052344,8576514
2025-05-14,13.160438537597656,13.160438537597656,12.905182696542141,13.008266624151501,9757758
2025-05-15,13.101533889770508,13.130986307180885,13.03771922639331,13.057354795517208,6093306
2025-05-16,13.155529975891113,13.175165545229316,13.062263830361092,13.096625140427467,7863270
2025-05-19,13.219344139099121,13.302793433073724,13.106442428508611,13.17516504603754,5877843
2025-05-20,13.518779754638672,13.553141062763647,13.253705201202418,13.253705201202418,7496109
2025-05-21,13.445147514343262,13.646407410369305,13.396060465576276,13.415695097827983,7241038
2025-05-22,13.430421829223633,13.479508878191638,13.121168177582712,13.366607167524515,6376905
2025-05-23,13.022993087768555,13.533505697804602,12.679378128806944,13.376424894716587,11946652
2025-05-26,13.189891815185547,13.361698360215374,13.17025624645331,13.337154835575527,5195548
2025-05-27,13.297884941101074,13.337155143195863,13.12116856353679,13.12116856353679,6771021
2025-05-28,12.998448371887207,13.391151308171896,12.998448371887207,13.278248663928238,11557633
2025-05-29,13.00826644897461,13.219344129837515,12.97390514023422,13.209526345547276,4686413
2025-05-30,12.968996047973633,13.13098574116124,12.959178263834886,13.008266248253191,13846056
2025-06-02,12.978814125061035,13.091715836378675,12.846276845022702,12.910090570814058,4687477
2025-06-03,12.924817085266113,13.02790194720608,12.664651420632323,12.998448594494413,8543717
2025-06-04,12.880638122558594,13.032810034670623,12.73828399478294,12.998448725768755,6511662
2025-06-05,12.959178924560547,12.959178924560547,12.723557710870013,12.77755459011073,12009372
2025-06-06,12.998448371887207,13.106442124096322,12.919907971885355,12.939543540023529,4692368
2025-06-09,13.00826644897461,13.067172218440595,12.924817155058472,12.959178463798862,7023943
2025-06-10,12.944453239440918,13.022993644341563,12.895365252309144,12.988631397956485,11512584
2025-06-11,13.013175964355469,13.072080800367122,12.856095153290411,12.978814653969422,8942289
2025-06-12,12.973905563354492,13.022993550131154,12.762827875607673,12.88063848210638,5683142
2025-06-13,12.718648910522461,12.811915992719374,12.615564979890726,12.75791911308819,7831457
2025-06-16,12.968996047973633,13.04753644853275,12.762827262437092,12.797188570647277,10256492
2025-06-17,12.811915397644043,12.934634891996428,12.635199026168468,12.90518247550898,12115815
2025-06-18,12.836459159851074,12.875729361320458,12.664651677319227,12.772645433566623,5026307
2025-06-19,12.60574722290039,12.831550654081004,12.60574722290039,12.753010248776835,5873425
2025-06-20,12.674468994140625,12.846276470333766,12.600837486136541,12.600837486136541,21003660
2025-06-23,12.556658744812012,12.684287132512539,12.4143046168646,12.625381362698661,12649918
2025-06-24,12.87572956085205,12.998449059380054,12.753010062324046,12.900274022322934,7815582
2025-06-25,12.478118896484375,12.934635589911625,12.453575370799777,12.934635589911625,8504003
2025-06-26,12.527206420898438,12.654834809544987,12.487936219489919,12.566476622306956,5276627
2025-06-27,12.772644996643066,12.772644996643066,12.507570443585745,12.615564196138918,5773433
2025-06-30,12.816824913024902,12.861004008042126,12.46830104525296,12.8413684385787,7148842
2025-07-01,12.615564346313477,12.821733133498244,12.551749685176881,12.792279780846538,5766344
2025-07-02,12.797188758850098,12.875729160564276,12.654834631846443,12.738283925702186,5928769
2025-07-03,13.013175964355469,13.042628382361295,12.792280488623053,12.821733842904365,12852605
2025-07-04,12.679378509521484,13.008266801965595,12.615564782454179,12.924817505784986,6011659
2025-07-07,12.910090446472168,12.910090446472168,12.625381256692396,12.640107933091079,6232876
2025-07-08,13.12116813659668,13.234069846911137,12.988630857736,13.01317531841878,9131982
2025-07-09,13.351881980895996,13.42060460132071,13.18007449355873,13.204618019060275,10187531
2025-07-10,13.10644245147705,13.36660718187846,13.10644245147705,13.351881441682423,6846086
2025-07-11,12.699013710021973,13.04262773305155,12.679378141478626,12.998448640104463,6944580
2025-07-14,12.76282787322998,12.792280290780303,12.546841293218186,12.566476862435383,4394752
2025-07-15,12.512479782104492,12.816824546147439,12.478118472802562,12.807006761696757,5777181
2025-07-16,12.463391304016113,12.610655256135335,12.424121104039404,12.468300196047629,6163379
2025-07-17,12.53702449798584,12.645017320311405,12.463392049384955,12.566476915660907,6019281
2025-07-18,12.527206420898438,12.625381456282007,12.487936219489919,12.615564608136468,5871873
2025-07-21,12.433938980102539,12.507570488569247,12.321037271368558,12.468300288301974,5865158
2025-07-22,12.394669532775879,12.507571248368315,12.28667670954948,12.399578425141916,4822843
2025-07-23,12.615564346313477,12.679378071174636,12.46830039188125,12.561567469394117,10886232
2025-07-24,12.757918357849121,12.85118543452484,12.694104633560741,12.762827249913677,10053166
2025-07-25,12.792280197143555,12.831550399015024,12.65974385099951,12.762827779808818,5722689
2025-07-28,12.939543724060059,13.130985834752991,12.87082017087443,13.018084125178977,8131572
2025-07-29,13.253705978393555,13.253705978393555,12.959178991618602,12.968996776308712,8284115
2025-07-30,13.31261157989502,13.317519535901786,13.047537014307121,13.248796916501428,8726758
2025-07-31,14.372907638549805,14.520170658522112,13.710222176123528,13.744583485032036,21012989
2025-08-01,14.093106269836426,14.377816395312333,13.945843251251004,14.318910626112903,11828096
2025-08-04,14.529988288879395,14.56434959742376,14.073471621017534,14.20600889935332,6757222
2025-08-05,14.65761661529541,14.691977923699584,14.318910550799902,14.574167322195805,6654517
2025-08-06,14.961960792541504,14.986505253613286,14.623255656230013,14.716521799476418,8699520
2025-08-07,15.212308883666992,15.315393749012463,15.094498277754646,15.17303868169621,9042508
2025-08-08,15.649189949035645,15.717913504477728,15.2024910519017,15.217217728698317,9627105
2025-08-11,15.767000198364258,15.776817982673526,15.467565267135113,15.659007379788633,6090886
2025-08-12,15.472474098205566,15.865176106271518,15.472474098205566,15.7571823518468,8771944
2025-08-13,15.73263931274414,15.762092666464204,15.497018100636462,15.497018100636462,7061612
2025-08-14,16.04680061340332,16.09097970683937,15.722821219055914,15.737548831901865,6705680
2025-08-15,16.179338455200195,16.395325973961377,16.144977144952,16.32660148091402,7121531
2025-08-18,16.0615291595459,16.144977522801366,15.904448345434776,16.100798426798175,5220754
2025-08-19,16.100797653198242,16.130251006635554,15.982987984550842,16.056618559317737,5807014
2025-08-20,15.953534126281738,16.09588918789769,15.894629293822016,15.99280526295546,4264401
2025-08-21,16.115524291992188,16.12534020332699,15.855357700400589,15.894628835943022,5505165
2025-08-22,16.154794692993164,16.22842714104679,16.027167238591275,16.036983150617548,4535874
2025-08-25,15.85045051574707,16.149886384895762,15.796453638025056,16.01243927636221,4974861
2025-08-26,15.555923461914062,15.747366510948206,15.551014569756731,15.659007388391688,9769102
2025-08-27,15.24666976928711,15.551014528302245,15.197581784120095,15.536287851869508,7240646
2025-08-28,15.271214485168457,15.330119319332736,15.133768311659376,15.246670024037126,6177207
2025-08-29,15.207399368286133,15.300666445248563,15.094497659280544,15.22703493660472,5457865
2025-09-01,15.315393447875977,15.315393447875977,15.192673952095802,15.281031202586151,2459135
2025-09-02,15.15831184387207,15.389025097241266,15.011048822114443,15.349754895687536,5342711
2025-09-03,15.148494720458984,15.217217337860536,15.001230765101521,15.18285602915976,4518077
2025-09-04,15.521562576293945,15.52647053230965,15.104316094298724,15.227035592751703,6616003
2025-09-05,15.320301055908203,15.73754845561694,15.266305115658312,15.605011178477755,6704915
2025-09-08,15.482292175292969,15.531379225023016,15.310484692411425,15.364480634369569,4465431
2025-09-09,15.644281387329102,15.668824911431054,15.325209956351145,15.546105418370434,6910434
2025-09-10,15.855358123779297,15.96335187685389,15.600102289865324,15.668824906348846,9667215
2025-09-11,15.914263725280762,15.973170433014442,15.713003821901395,15.865176674720312,5717806
2025-09-12,15.919173240661621,15.963352334317193,15.747366694529346,15.894629715864284,6610893
2025-09-15,16.0615291595459,16.086072685647448,15.879902946782217,16.00262244984097,4631926
2025-09-16,15.88971996307373,16.046800769586127,15.771910294464893,16.007531504233487,8185697
2025-09-17,15.762092590332031,15.987896016775709,15.683552186675495,15.953534707210409,6219970
2025-09-18,15.924080848693848,15.973169769766947,15.742456522100554,15.904447152815477,5602617
2025-09-19,16.110614776611328,16.233334268738197,15.928990452577798,16.002621024323414,24379650
2025-09-22,15.683551788330078,16.061528056499135,15.57064914170038,16.036982659532264,8132243
2025-09-23,15.879901885986328,15.9584422877953,15.639372724687366,15.825906881190255,6237228
2025-09-24,16.086071014404297,16.086071014404297,15.64428103654713,15.855357773407194,7615943
2025-09-25,15.811179161071777,16.081161673421775,15.752274328252893,16.06643593335477,7227061
2025-09-26,16.16461181640625,16.179337556394287,15.835722600450119,15.88971947714074,6731436
2025-09-29,15.943717002868652,16.17933821502325,15.924081433718035,16.169520430447943,5897273
2025-09-30,16.041893005371094,16.14497693477371,15.904447766167603,15.987896126383738,7128874
2025-10-01,16.07625389099121,16.14006855288802,15.7522744981664,16.002621444760205,8292053
2025-10-02,16.032075881958008,16.292240630480073,15.933899904527657,16.149887429384634,7206922
2025-10-03,16.120433807373047,16.287332404474846,16.06152897091094,16.120433807373047,6174322
2025-10-06,15.879901885986328,16.10079735124621,15.752274435253332,16.012439165142258,5369571
2025-10-07,15.762092590332031,15.943716922684475,15.757182761793601,15.806271684423267,6168600
2025-10-08,16.0615291595459,16.110616211748997,15.767001228674285,15.767001228674285,5980608
2025-10-09,15.771910667419434,16.06152876237849,15.732639528587239,16.06152876237849,4988409
2025-10-10,15.50192642211914,15.933898628410697,15.467565113653105,15.737548561826333,6871402
2025-10-13,15.580467224121094,15.6050116852822,15.398842892906194,15.51174460542091,3584352
2025-10-14,15.693368911743164,15.72773115731421,15.443021025949722,15.511744580816355,4759038
2025-10-15,15.497017860412598,15.845540780884885,15.497017860412598,15.693368867458636,5516295
2025-10-16,15.428295135498047,15.53628795455892,15.114133526393363,15.433204027674739,9712214
2025-10-17,16.351146697998047,17.0629182931613,16.095889915729117,16.351146697998047,32814118
2025-10-20,16.979469299316406,17.004012823656208,16.483683366469247,16.56222376788714,10945260
2025-10-21,16.753665924072266,16.984377300543883,16.694759218438296,16.954925820277783,7222921
2025-10-22,16.689851760864258,16.866568137940384,16.54258873748447,16.591675787760753,7052132
2025-10-23,16.65057945251465,16.861657124461278,16.591674621812345,16.68985058801672,4720528
2025-10-24,16.5916748046875,16.788026739260467,16.429686050333004,16.704576511674166,6644829
2025-10-27,16.88620376586914,16.920565075692373,16.694759775002773,16.738938869425635,6597073
2025-10-28,16.876384735107422,16.900928258518718,16.729121722088845,16.75857320116208,5314738
2025-10-29,17.25926971435547,17.26417767023662,16.743848209493624,16.89601918497089,10750147
2025-10-30,16.964744567871094,17.092372025556752,16.738939261887253,17.072736455897118,10839276
2025-10-31,17.116914749145508,17.37708135356511,16.94019837559284,17.03346639082947,9588805
2025-11-03,16.984376907348633,17.46543896280151,16.984376907348633,17.244543503165158,76926704
2025-11-04,17.220001220703125,17.298541626174536,16.788028054334884,16.896019941513714,88295833
